
CCL18	CCR5	1
KCNQ1	CDKN1C	1
FGF20	LRP5	1
FGF20	FGF9	1
CDC6	POLE2	1
CDC6	MCM3	1
CDC6	CCNA2	1
CDC6	CHEK1	1
CDC6	RRM2	1
CDC6	MCM7	1
CDC6	TYMS	1
CDC6	E2F1	1
CDC6	MCM10	1
CENPM	CENPO	1
CENPM	NDC80	1
CENPM	KIF18A	1
CENPM	CENPE	1
CENPM	NUF2	1
CENPM	MLF1IP	1
CENPM	SPC25	1
CENPM	BUB1B	1
CENPM	BIRC5	1
CENPM	CDCA8	1
CENPM	CENPA	1
CENPM	KIF2C	1
CENPM	ZWINT	1
CENPM	CENPN	1
POLE2	MCM3	1
POLE2	MCM7	1
POLE2	MCM10	1
MYBL2	CCNA2	1
MYBL2	MELK	1
MYBL2	E2F1	1
CCL1	CCR2	1
CCL1	CCR5	1
CCL1	CXCR4	1
MCM3	GINS2	1
MCM3	MCM7	1
MCM3	CLSPN	1
MCM3	E2F1	1
MCM3	MCM10	1
TTK	KIF11	1
TTK	CENPE	1
TTK	BUB1B	1
TTK	CDCA8	1
TTK	ASPM	1
LOX	EFEMP2	1
IL5	CD86	1
IL5	IL17A	1
EGR1	HPSE	1
EGR1	PTGES	1
GCAT	ALAS2	1
NCAPG	NDC80	1
NCAPG	CCNA2	1
NCAPG	BUB1B	1
NCAPG	BIRC5	1
NCAPG	PBK	1
NCAPG	RRM2	1
NCAPG	ASPM	1
NCAPG	CEP55	1
NCAPG	HMMR	1
NCAN	BGN	1
TNNI2	TNNI1	1
GINS2	MCM7	1
HSH2D	FPR1	1
NR0B2	RORC	1
CYP27A1	CYP46A1	1
KIF23	KIF11	1
KIF23	BIRC5	1
KIF23	CDCA8	1
KIF23	CEP55	1
KIF23	KIF2C	1
CENPO	MLF1IP	1
CENPO	CENPA	1
CENPO	CENPN	1
KIF11	CCNA2	1
KIF11	BUB1B	1
KIF11	BIRC5	1
KIF11	ASPM	1
KIF11	KIF2C	1
NDC80	KIF18A	1
NDC80	CENPE	1
NDC80	NUF2	1
NDC80	MLF1IP	1
NDC80	SPC25	1
NDC80	BUB1B	1
NDC80	BIRC5	1
NDC80	PBK	1
NDC80	SOX7	1
NDC80	CDCA8	1
NDC80	CENPA	1
NDC80	ASPM	1
NDC80	CEP55	1
NDC80	KIF2C	1
NDC80	ZWINT	1
NDC80	CENPN	1
NDC80	HMMR	1
CHTF18	DSCC1	1
KIF18A	CENPE	1
KIF18A	MLF1IP	1
KIF18A	SPC25	1
KIF18A	BUB1B	1
KIF18A	BIRC5	1
KIF18A	CDCA8	1
KIF18A	CENPA	1
KIF18A	KIF2C	1
KIF18A	ZWINT	1
KIF18A	CENPN	1
PKP1	KRT16	1
CENPE	NUF2	1
CENPE	CCNA2	1
CENPE	MLF1IP	1
CENPE	SPC25	1
CENPE	BUB1B	1
CENPE	BIRC5	1
CENPE	CDCA8	1
CENPE	CENPA	1
CENPE	KIF2C	1
CENPE	ZWINT	1
CENPE	CENPN	1
EPB49	EPB42	1
CACNG8	CACNA1S	1
NUF2	SPC25	1
NUF2	BUB1B	1
NUF2	BIRC5	1
NUF2	CDCA8	1
NUF2	CENPA	1
NUF2	KIF2C	1
NUF2	ZWINT	1
NUF2	CENPN	1
CNGA3	CNGB3	1
GPR17	CYSLTR2	1
CCNA2	CHEK1	1
CCNA2	BUB1B	1
CCNA2	IFI27	1
CCNA2	BIRC5	1
CCNA2	PBK	1
CCNA2	RRM2	1
CCNA2	MCM7	1
CCNA2	CDCA8	1
CCNA2	CENPA	1
CCNA2	E2F1	1
CCNA2	BRCA1	1
CCNA2	MKI67	1
CCNA2	HMMR	1
CCNA2	CDKN1C	1
SERPING1	C1S	1
CHEK1	CDC25A	1
CHEK1	CLSPN	1
CHEK1	BRCA1	1
MLF1IP	SPC25	1
MLF1IP	BUB1B	1
MLF1IP	BIRC5	1
MLF1IP	CDCA8	1
MLF1IP	CENPA	1
MLF1IP	KIF2C	1
MLF1IP	ZWINT	1
MLF1IP	CENPN	1
SPC25	BUB1B	1
SPC25	BIRC5	1
SPC25	CDCA8	1
SPC25	CENPA	1
SPC25	KIF2C	1
SPC25	ZWINT	1
SPC25	CENPN	1
WNT7A	EN1	1
BUB1B	BIRC5	1
BUB1B	PBK	1
BUB1B	RRM2	1
BUB1B	CDCA8	1
BUB1B	CENPA	1
BUB1B	CEP55	1
BUB1B	KIF2C	1
BUB1B	ZWINT	1
BUB1B	CENPN	1
BUB1B	HMMR	1
CD1A	CD40LG	1
CCR2	CXCL9	1
CCR5	CASR	1
CCR5	FPR1	1
CCR5	BDKRB2	1
CCR5	CD86	1
CCR5	NPB	1
CCR5	IL17A	1
CCR5	CXCL9	1
CCR5	CXCR4	1
LRP5	SOST	1
SLC45A2	EDA2R	1
MELK	PBK	1
BIRC5	PBK	1
BIRC5	RRM2	1
BIRC5	CDCA8	1
BIRC5	CENPA	1
BIRC5	E2F1	1
BIRC5	MKI67	1
BIRC5	CEP55	1
BIRC5	KIF2C	1
BIRC5	ZWINT	1
BIRC5	CENPN	1
BIRC5	HMMR	1
KRT16	KRT2	1
KRT16	KRT7	1
PBK	RRM2	1
PBK	CDCA8	1
PBK	MKI67	1
PBK	CEP55	1
PBK	HMMR	1
AXIN2	E2F1	1
IGF1	BDNF	1
RRM2	TYMS	1
RRM2	E2F1	1
RRM2	CEP55	1
RRM2	HMMR	1
CDC25A	E2F1	1
CDC25A	BRCA1	1
MCM7	CLSPN	1
MCM7	E2F1	1
MCM7	MCM10	1
BDKRB2	HTR2A	1
KRT2	KRT7	1
METTL1	WDR4	1
TYMS	E2F1	1
CDCA8	CENPA	1
CDCA8	KIF2C	1
CDCA8	ZWINT	1
CDCA8	CENPN	1
KIF15	MKI67	1
RORC	IL17A	1
C1S	C1QC	1
SOCS3	IL17A	1
CD86	IL17A	1
CD86	CD3E	1
CD86	CD40LG	1
CD86	LILRB2	1
CCKBR	HTR2A	1
CENPA	KIF2C	1
CENPA	ZWINT	1
CENPA	CENPN	1
KCNJ14	KCNK1	1
PTGES	PTGDS	1
E2F1	BRCA1	1
CXCL9	CXCR4	1
ASPM	CEP55	1
ASPM	HMMR	1
MKI67	HMMR	1
S100A8	S100A9	1
CEP55	HMMR	1
KIF2C	ZWINT	1
KIF2C	CENPN	1
ZWINT	CENPN	1
HTR2A	BDNF	1
DRD3	BDNF	1
ARTN	GFRA1	1
NTF3	BDNF	1
