
CYP26B1	CYP2C8	1
CYP26B1	CYP2C19	1
PDK4	INS-IGF2	1
INMT	DDC	1
FGF4	FGF20	1
FGF4	SOX2	1
FGF4	FGF9	1
FGF20	LRP5	1
FGF20	FGF9	1
CEACAM6	CEACAM8	1
SULT2B1	MPZ	1
CENPM	CENPO	1
CENPM	CENPE	1
CENPM	MLF1IP	1
CENPM	SPC25	1
CENPM	BUB1B	1
CENPM	BIRC5	1
CENPM	CDCA8	1
CENPM	KIF2C	1
PROKR2	GRP	1
CBLN1	GRID2	1
EBI3	IFNG	1
EBI3	IL17A	1
WNT16	SFRP5	1
WNT16	WIF1	1
WNT16	SFRP4	1
HOXA13	EPHA6	1
CYP26A1	UGT2B7	1
CYP26A1	CYP2C8	1
CYP26A1	CYP2C19	1
CCL1	CCR2	1
CCL1	CCR5	1
CCL1	CCR3	1
PPY	GCG	1
IFNG	SELL	1
IFNG	IL1A	1
IFNG	CD27	1
IFNG	CCR5	1
IFNG	CXCR6	1
IFNG	ICOS	1
IFNG	SOCS3	1
IFNG	CD86	1
IFNG	IL17A	1
IFNG	CCR3	1
IFNG	CD3E	1
IFNG	CD247	1
IFNG	CD40LG	1
IFNG	FOXP3	1
IFNG	GATA3	1
KCNJ13	KCNK1	1
KCNJ13	KCNJ6	1
TTR	ONECUT1	1
BAI3	C1QL3	1
GHSR	IGF1	1
NR4A1	NR0B2	1
NR4A1	RORC	1
NR4A1	HSD3B2	1
TSKS	TSSK1B	1
CSN1S1	PRL	1
GCAT	ALAS2	1
NCAPG	CCNA2	1
NCAPG	BUB1B	1
NCAPG	TPX2	1
NCAPG	BIRC5	1
NCAPG	PBK	1
NCAPG	ASPM	1
NCAPG	CEP55	1
NCAPG	KIF4A	1
NCAPG	HMMR	1
ELN	BGN	1
ELN	FBLN5	1
ELN	MFAP2	1
NCAN	BGN	1
NR0B2	ABCB11	1
NR0B2	ONECUT1	1
NR0B2	RORC	1
GRP	NMBR	1
GRP	BDKRB2	1
GRP	TAC1	1
GRP	CCKBR	1
GRP	GCG	1
DSG1	KLK5	1
NMBR	TAC1	1
GAD2	INS-IGF2	1
KIF23	KIF5A	1
KIF23	BIRC5	1
KIF23	CDCA8	1
KIF23	CEP55	1
KIF23	KIF2C	1
CENPO	MLF1IP	1
HSD11B1	HSD3B2	1
SERPINA10	PROZ	1
SLA2	CD247	1
SIM1	LEP	1
A1BG	ANK1	1
IL1A	MMP1	1
SPTBN4	ANK1	1
C9	C8A	1
LCT	CDX2	1
GRIA2	GRIP1	1
FGF10	WNT3A	1
KLF1	HBG1	1
CENPE	CCNA2	1
CENPE	MLF1IP	1
CENPE	SPC25	1
CENPE	BUB1B	1
CENPE	BIRC5	1
CENPE	CDCA8	1
CENPE	KIF2C	1
WNT2	WNT3A	1
WNT2	WNT1	1
WNT2	SFRP4	1
ANK1	GPNMB	1
SFRP5	WNT3A	1
SFRP5	WNT2B	1
CD27	CD40LG	1
INHBE	FGF8	1
INHBE	PAX4	1
INHBE	FSHR	1
MYH10	MYH11	1
GPR17	CXCR6	1
CCNA2	BUB1B	1
CCNA2	IFI27	1
CCNA2	TPX2	1
CCNA2	BIRC5	1
CCNA2	PBK	1
CCNA2	CDCA8	1
CCNA2	E2F1	1
CCNA2	MKI67	1
CCNA2	HMMR	1
CCNA2	CDKN1C	1
CRH	LEP	1
CRH	GCG	1
SERPING1	C1S	1
GPM6A	WNT1	1
GPM6A	EN1	1
GPM6A	SOX2	1
MLF1IP	SPC25	1
MLF1IP	BUB1B	1
MLF1IP	BIRC5	1
MLF1IP	CDCA8	1
MLF1IP	KIF2C	1
SPC25	BUB1B	1
SPC25	BIRC5	1
SPC25	CDCA8	1
SPC25	KIF2C	1
HGD	HPD	1
WNT3A	WIF1	1
WNT3A	WNT1	1
WNT3A	FGF8	1
WNT3A	SFRP4	1
CYP26C1	CYP2C19	1
KIF5A	KIF2C	1
WIF1	WNT1	1
CLDN8	MPDZ	1
BUB1B	TPX2	1
BUB1B	BIRC5	1
BUB1B	PBK	1
BUB1B	CDCA8	1
BUB1B	CEP55	1
BUB1B	KIF2C	1
BUB1B	HMMR	1
MMEL1	OLIG3	1
CD1A	CD40LG	1
EPB41	CNTNAP2	1
AGRP	LEP	1
AGRP	INS-IGF2	1
CCR2	CCL11	1
CCR5	CCL11	1
CCR5	FPR1	1
CCR5	CXCR6	1
CCR5	BDKRB2	1
CCR5	CD86	1
CCR5	NPB	1
CCR5	IL17A	1
CCR5	CCR3	1
WNT1	LRP5	1
WNT1	LMX1A	1
WNT1	EN1	1
WNT1	FGF8	1
LRP5	SOST	1
LMX1A	FOXA2	1
LMX1A	FGF8	1
NEUROD1	PAX4	1
NEUROD1	INS-IGF2	1
EN1	FGF8	1
AQP7	INS-IGF2	1
MELK	PBK	1
TPX2	BIRC5	1
TPX2	PBK	1
TPX2	ASPM	1
TPX2	MKI67	1
TPX2	CEP55	1
TPX2	KIF2C	1
TPX2	KIF4A	1
TPX2	HMMR	1
CGB1	FSHR	1
ANGPTL4	INS-IGF2	1
BIRC5	PBK	1
BIRC5	CDCA8	1
BIRC5	E2F1	1
BIRC5	KCNJ11	1
BIRC5	MKI67	1
BIRC5	CEP55	1
BIRC5	KIF2C	1
BIRC5	KIF4A	1
BIRC5	HMMR	1
PBK	CDCA8	1
PBK	MKI67	1
PBK	CEP55	1
PBK	HMMR	1
PRL	IGF1	1
PRL	SOCS3	1
PRL	INS-IGF2	1
CCL11	CXCR6	1
CCL11	CCR3	1
CCL11	CX3CR1	1
AGXT	ALAS2	1
ONECUT1	FOXA2	1
IGF1	LEP	1
IGF1	ADIPOQ	1
IGF1	SOCS2	1
IGF1	INS-IGF2	1
FPR1	CXCR6	1
FPR1	CCR3	1
CDC25A	E2F1	1
CXCR6	CCR3	1
UGT2B7	CYP2C8	1
UGT2B7	CYP2C19	1
UGT2B7	CDX2	1
SPRR1B	IVL	1
BDKRB2	TAC1	1
BDKRB2	CCR3	1
LEP	ADIPOQ	1
LEP	SOCS3	1
LEP	INS-IGF2	1
LEP	GALP	1
LEP	GCG	1
METTL1	WDR4	1
TYMS	E2F1	1
FOXA2	KCNJ11	1
FOXA2	INS-IGF2	1
FOXA2	ABCC8	1
FOXA2	GCG	1
CDCA8	KIF2C	1
CDCA8	KIF4A	1
ICOS	CD86	1
ICOS	CD40LG	1
ICOS	FOXP3	1
ADIPOQ	INS-IGF2	1
TAC1	CCKBR	1
TAC1	GCG	1
LPA	FBLN5	1
PRX	MPZ	1
OR52D1	OR1G1	1
RORC	IL17A	1
RORC	FOXP3	1
FLNC	SGCD	1
FLNC	MYOZ1	1
BGN	MFAP2	1
C1S	C1QC	1
C1S	C1QA	1
SOCS3	SOCS2	1
SOCS3	IL17A	1
SOCS3	INS-IGF2	1
CD86	IL17A	1
CD86	CD3E	1
CD86	CD247	1
CD86	CD40LG	1
CCKBR	GCG	1
EPHA3	EPHA6	1
LMO1	GATA3	1
SGCD	DYSF	1
PAX4	INS-IGF2	1
PAX4	GCG	1
UGT2B15	HSD3B2	1
UGT2B15	CYP2C8	1
UGT2B15	CYP2C19	1
PTGES	PTGDS	1
IL17A	FOXP3	1
SHANK2	DNM3	1
KCNJ11	INS-IGF2	1
KCNJ11	ABCC8	1
KCNJ11	GCG	1
AMPH	DNM3	1
INS-IGF2	GIP	1
INS-IGF2	ERRFI1	1
INS-IGF2	ABCC8	1
INS-IGF2	GCG	1
NTRK3	NTF3	1
CD3E	CD247	1
CD247	FCGR3A	1
CALD1	MYH11	1
RYR2	PRKACG	1
KCNK1	KCNJ6	1
CRB1	INADL	1
ASPM	CEP55	1
ASPM	HMMR	1
CD1C	CD40LG	1
MKI67	HMMR	1
S100A8	S100A9	1
BSND	SLC12A1	1
CEP55	HMMR	1
PRKG1	MRVI1	1
C1QC	C1QA	1
C1QA	VSIG4	1
MCF2L	NTF3	1
FOXP3	GATA3	1
GATA3	CDX2	1
CDX2	GCG	1
ABCC8	GCG	1
