
SCTR	CALCA	1
SCTR	CALCR	1
SCTR	GCGR	1
NGFR	SALL2	1
NGFR	SORCS3	1
SULT2B1	MPZ	1
EFNA2	EPHA1	1
EFNA2	EPHA7	1
IL5	IL1RL1	1
IL5	IL21	1
APOA1	MTTP	1
APOA1	ABCG1	1
CHRNA2	CHRNB4	1
BMP4	BMPR1B	1
BMP4	FGF8	1
BMP4	BGN	1
BMP4	PAX9	1
MYH2	MYH13	1
MYH2	MYLPF	1
MYH13	MYLPF	1
BMP15	BMPR1B	1
SEMA3A	DPYSL4	1
EPHA1	EFNA3	1
GPM6A	EN1	1
AGRP	LEP	1
PDE9A	NPR1	1
CD3G	CD8B	1
EN1	FGF8	1
CARTPT	LEP	1
CXCL10	CXCL11	1
CXCL10	CCR6	1
CXCL10	IFNB1	1
CXCL11	CCR6	1
ADORA1	HTR1F	1
NCAM1	BGN	1
NCAM1	CACNA1S	1
NCAM1	L1CAM	1
NCAM1	NCR2	1
CALCA	CALCR	1
CALCA	ADM2	1
CALCA	GCGR	1
CALCR	ADM2	1
CALCR	GCGR	1
MYBPC1	ACTN2	1
MYBPC1	DES	1
ACTN2	DES	1
EFNA3	EPHA7	1
