
KCNQ1	SCN4B	1
SULT2B1	CYP17A1	1
CDC6	POLE2	1
CDC6	CCNA2	1
CDC6	CHEK1	1
CDC6	RRM2	1
CDC6	MCM7	1
CDC6	TYMS	1
CDC6	E2F7	1
CDC6	E2F1	1
CDC6	MCM10	1
CENPM	CENPO	1
CENPM	NDC80	1
CENPM	KIF18A	1
CENPM	CENPE	1
CENPM	NUF2	1
CENPM	MLF1IP	1
CENPM	SPC25	1
CENPM	BUB1B	1
CENPM	BIRC5	1
CENPM	AURKB	1
CENPM	CDCA8	1
CENPM	CENPA	1
CENPM	CENPF	1
CENPM	ZWINT	1
CENPM	CENPN	1
POLE2	MCM7	1
POLE2	MCM10	1
MYBL2	CCNA2	1
MYBL2	MELK	1
MYBL2	E2F1	1
CCL1	CCR2	1
TTK	KIF11	1
TTK	CENPE	1
TTK	BUB1B	1
TTK	CDCA8	1
TTK	ASPM	1
EGR1	PTGES	1
MND1	RAD51	1
NCAPG	NDC80	1
NCAPG	CCNA2	1
NCAPG	BUB1B	1
NCAPG	BIRC5	1
NCAPG	PBK	1
NCAPG	RRM2	1
NCAPG	AURKB	1
NCAPG	ASPM	1
NCAPG	KIF4A	1
GINS2	MCM7	1
HSH2D	FPR1	1
KIF23	KIF11	1
KIF23	BIRC5	1
KIF23	AURKB	1
KIF23	CDCA8	1
CENPO	MLF1IP	1
CENPO	CENPA	1
CENPO	CENPN	1
KIF11	CCNA2	1
KIF11	BUB1B	1
KIF11	BIRC5	1
KIF11	ASPM	1
KIF11	KIF4A	1
NDC80	KIF18A	1
NDC80	CENPE	1
NDC80	NUF2	1
NDC80	MLF1IP	1
NDC80	SPC25	1
NDC80	BUB1B	1
NDC80	BIRC5	1
NDC80	PBK	1
NDC80	AURKB	1
NDC80	CDCA8	1
NDC80	CENPA	1
NDC80	CENPF	1
NDC80	ASPM	1
NDC80	ZWINT	1
NDC80	CENPN	1
KIF18A	CENPE	1
KIF18A	MLF1IP	1
KIF18A	SPC25	1
KIF18A	BUB1B	1
KIF18A	BIRC5	1
KIF18A	CDCA8	1
KIF18A	CENPA	1
KIF18A	CENPF	1
KIF18A	ZWINT	1
KIF18A	CENPN	1
CENPE	NUF2	1
CENPE	CCNA2	1
CENPE	MLF1IP	1
CENPE	SPC25	1
CENPE	BUB1B	1
CENPE	BIRC5	1
CENPE	AURKB	1
CENPE	CDCA8	1
CENPE	CENPA	1
CENPE	CENPF	1
CENPE	ZWINT	1
CENPE	CENPN	1
RAD51	CHEK1	1
RAD51	RAD54L	1
NUF2	SPC25	1
NUF2	BUB1B	1
NUF2	BIRC5	1
NUF2	AURKB	1
NUF2	CDCA8	1
NUF2	CENPA	1
NUF2	CENPF	1
NUF2	ZWINT	1
NUF2	CENPN	1
CCNA2	CHEK1	1
CCNA2	BUB1B	1
CCNA2	IFI27	1
CCNA2	BIRC5	1
CCNA2	PBK	1
CCNA2	RRM2	1
CCNA2	MCM7	1
CCNA2	CDCA8	1
CCNA2	CDKN3	1
CCNA2	CENPA	1
CCNA2	FOXM1	1
CCNA2	E2F1	1
CCNA2	MKI67	1
SERPING1	C1S	1
CHEK1	CDC25A	1
CHEK1	CLSPN	1
MLF1IP	SPC25	1
MLF1IP	BUB1B	1
MLF1IP	BIRC5	1
MLF1IP	AURKB	1
MLF1IP	CDCA8	1
MLF1IP	CENPA	1
MLF1IP	CENPF	1
MLF1IP	ZWINT	1
MLF1IP	CENPN	1
SPC25	BUB1B	1
SPC25	BIRC5	1
SPC25	AURKB	1
SPC25	CDCA8	1
SPC25	CENPA	1
SPC25	CENPF	1
SPC25	ZWINT	1
SPC25	CENPN	1
BUB1B	BIRC5	1
BUB1B	PBK	1
BUB1B	RRM2	1
BUB1B	AURKB	1
BUB1B	CDCA8	1
BUB1B	CENPA	1
BUB1B	CENPF	1
BUB1B	ZWINT	1
BUB1B	CENPN	1
CDH15	JUP	1
CCR2	CCL19	1
CCR2	CCL20	1
CCR2	CXCL9	1
MELK	PBK	1
BIRC5	PBK	1
BIRC5	RRM2	1
BIRC5	AURKB	1
BIRC5	CDCA8	1
BIRC5	CDKN3	1
BIRC5	CENPA	1
BIRC5	FOXM1	1
BIRC5	E2F1	1
BIRC5	CENPF	1
BIRC5	MKI67	1
BIRC5	ZWINT	1
BIRC5	KIF4A	1
BIRC5	CENPN	1
PBK	RRM2	1
PBK	CDCA8	1
PBK	MKI67	1
FPR1	CCL19	1
RRM2	TYMS	1
RRM2	E2F1	1
CDC25A	E2F1	1
MCM7	CLSPN	1
MCM7	E2F1	1
MCM7	MCM10	1
CCL19	CCL20	1
CCL19	CXCL9	1
AURKB	CDCA8	1
AURKB	CENPA	1
AURKB	FOXM1	1
AURKB	CENPF	1
AURKB	ZWINT	1
AURKB	CENPN	1
TYMS	E2F1	1
CDCA8	CENPA	1
CDCA8	CENPF	1
CDCA8	ZWINT	1
CDCA8	KIF4A	1
CDCA8	CENPN	1
E2F7	E2F1	1
KIF15	MKI67	1
C1S	C1QC	1
C1S	C1QA	1
DGKA	PLCB1	1
CDKN3	MKI67	1
CENPA	FOXM1	1
CENPA	CENPF	1
CENPA	ZWINT	1
CENPA	CENPN	1
FOXM1	CENPF	1
PTGES	PTGDS	1
CCL20	CXCL9	1
CENPF	ZWINT	1
CENPF	CENPN	1
S100A8	S100A9	1
ZWINT	CENPN	1
C1QC	C1QA	1
HLA-DRA	HLA-DMB	1
