
NGFR	EGR1	1
CDC6	CCNB1	1
CDC6	CCNA2	1
OSM	EGR1	1
OSM	FGF2	1
RARRES2	CMKLR1	1
CSF3	CD14	1
CCL1	CCR2	1
TTK	ASPM	1
EGR1	FGF2	1
EGR1	PTGES	1
CCNB1	NDC80	1
CCNB1	CCNA2	1
CCNB1	BIRC5	1
CCNB1	PBK	1
CCNB1	CDKN3	1
CCNB1	CENPA	1
CCNB1	ASPM	1
CCNB1	MKI67	1
CENPO	MLF1IP	1
CENPO	CENPA	1
NDC80	KIF18A	1
NDC80	MLF1IP	1
NDC80	BIRC5	1
NDC80	PBK	1
NDC80	CENPA	1
NDC80	ASPM	1
KIF18A	MLF1IP	1
KIF18A	BIRC5	1
KIF18A	CENPA	1
FGF2	ANG	1
CCNA2	IFI27	1
CCNA2	BIRC5	1
CCNA2	PBK	1
CCNA2	CDKN3	1
CCNA2	CENPA	1
CCNA2	MKI67	1
SERPING1	C1R	1
MLF1IP	BIRC5	1
MLF1IP	CENPA	1
C1R	C1QB	1
C1R	C1QC	1
C1R	C1QA	1
CCR2	CCL19	1
CCR2	CCL20	1
CCR2	CXCL9	1
BIRC5	PBK	1
BIRC5	CDKN3	1
BIRC5	CENPA	1
BIRC5	KCNJ11	1
BIRC5	MKI67	1
PBK	MKI67	1
FPR1	CCL19	1
IL13	IL10	1
CCL19	CCL20	1
CCL19	CXCL9	1
C1QB	C1QC	1
C1QB	C1QA	1
C1QB	VSIG4	1
CDKN3	MKI67	1
CCL20	CXCL9	1
S100A8	S100A9	1
C1QC	C1QA	1
C1QA	VSIG4	1
FOXP3	IL10	1
HLA-DRA	HLA-DMB	1
